EBFFFBAL,SaanichInlet_200m.107
AJGJENBJ,SaanichInlet_200m.109
EAKAMJKC,SaanichInlet_200m.11
BAGANPJC,SaanichInlet_200m.113
AALJDOEL,SaanichInlet_200m.121
MBEMIEPC,SaanichInlet_200m.124
BLEECCFP,SaanichInlet_200m.126
DINFKPHP,SaanichInlet_200m.129
DENAEJCE,SaanichInlet_200m.13
NGPLKGKP,SaanichInlet_200m.133
ALJPOFII,SaanichInlet_200m.134
CONPBDEB,SaanichInlet_200m.137
NCADFDLM,SaanichInlet_200m.138
AOKKDOKI,SaanichInlet_200m.145
ALGMAPGN,SaanichInlet_200m.148
HEFDNOOD,SaanichInlet_200m.154
HNFLHAHB,SaanichInlet_200m.155
EIMOJLGB,SaanichInlet_200m.166
DELNMIPL,SaanichInlet_200m.169
BNDOGDGL,SaanichInlet_200m.174
JBJPIOEK,SaanichInlet_200m.179
JFKODBBF,SaanichInlet_200m.185
CLPDDJPE,SaanichInlet_200m.186
GADGMHDB,SaanichInlet_200m.188
FPNAIHIG,SaanichInlet_200m.189
EGJPDJIN,SaanichInlet_200m.201
HCNGGEPD,SaanichInlet_200m.208
AGJGGPDI,SaanichInlet_200m.210
LCKHLHLC,SaanichInlet_200m.211
JDADKKIG,SaanichInlet_200m.212
OJAFHOGC,SaanichInlet_200m.219
BDAMPHJO,SaanichInlet_200m.220
JBLADJFH,SaanichInlet_200m.25
KCNJKDGK,SaanichInlet_200m.26
DLFEELIK,SaanichInlet_200m.28
CGJFHDOK,SaanichInlet_200m.36
MHNAGHFO,SaanichInlet_200m.53
LFFHKLPE,SaanichInlet_200m.55
GLPIEEHO,SaanichInlet_200m.56
AGAMACGB,SaanichInlet_200m.57
OGDMEJJP,SaanichInlet_200m.62
AHNJCBNO,SaanichInlet_200m.63
PNJNHPNJ,SaanichInlet_200m.65
CFCGEFGE,SaanichInlet_200m.66
AHFCDILD,SaanichInlet_200m.70
LPLPOJDM,SaanichInlet_200m.79
OHLEEOKF,SaanichInlet_200m.9
KLCPMGOE,SaanichInlet_200m.91
EFFACNBE,SaanichInlet_200m.97
AEAGFIPF,SaanichInlet_200m.98
